Epoch,Phase,Recordcount,Readallfields,Requestdist,Operation,blks_read,blks_hit,tup_returned,tup_fetched,tup_inserted,tup_updated,tup_deleted,deadlocks,temp_files,temp_bytes,checkpoints_timed,checkpoints_req,buffers_checkpoint,buffers_clean,buffers_backend,buffers_alloc,checkpoint_write_time,checkpoint_sync_time,wal_bytes,wal_records,wal_fpi,wal_buffers_full,Readprop,Updateprop,Scanprop,Insertprop,Extendprop,Runtime(ms),Throughput(ops/sec),Operations,AverageLatency(us),MinLatency(us),MaxLatency(us),95thPercentileLatency(us),99thPercentileLatency(us),Return=OK
0,load,1000,true,uniform,INSERT,153,5295,1084,997,1046,1,0,0,0,0,1101,45,49013,197418,266330,319957,1942414,187,1524909150,4107829,17737,242,1,0,0,0,0,837,1194.7431302270013,1000,519.045,263,8027,890,1327,1000
1,spread-run,2000,true,uniform,READ,303,310481,102140,102033,2046,1,0,0,0,0,1101,45,49013,197418,266330,320127,1942414,187,1526138505,4110836,17737,242,1,0,0,0,0,2542,39339.10306845004,100000,21.94702,17,10239,46,73,100000
2,spread-run,3000,true,uniform,READ,470,617501,204232,203234,3119,1,0,0,0,0,1101,45,49013,197418,266330,320294,1942414,187,1527517185,4114422,17738,242,1,0,0,0,0,2608,38343.55828220859,100000,22.76278,17,11239,45,84,100000
3,spread-run,4000,true,uniform,READ,621,922774,305378,304360,4119,1,0,0,0,0,1101,45,49013,197418,266330,320445,1942414,187,1528750298,4117430,17738,242,1,0,0,0,0,3118,32071.84092366902,100000,27.61065,17,13007,55,127,100000
4,spread-run,5000,true,uniform,READ,774,1228041,406524,405486,5119,1,0,0,0,0,1101,45,49013,197418,266330,320598,1942414,187,1529991060,4120440,17738,242,1,0,0,0,0,2725,36697.247706422015,100000,23.59174,17,9815,46,96,100000
5,spread-run,6000,true,uniform,READ,917,1533288,507670,506612,6119,1,0,0,0,0,1101,45,49013,197418,266330,320741,1942414,187,1531194002,4123441,17738,242,1,0,0,0,0,2666,37509.377344336084,100000,23.30147,17,10335,47,91,100000
6,spread-run,7000,true,uniform,READ,1061,1838537,608816,607738,7119,1,0,0,0,0,1101,45,49013,197418,266330,320885,1942414,187,1532404429,4126443,17738,242,1,0,0,0,0,2708,36927.62186115214,100000,23.76456,16,9887,50,95,100000
7,spread-run,8000,true,uniform,READ,1213,2143802,709962,708864,8119,1,0,0,0,0,1101,45,49013,197418,266330,321037,1942414,187,1533641288,4129452,17738,242,1,0,0,0,0,2684,37257.824143070044,100000,23.54514,17,10127,47,91,100000
8,spread-run,9000,true,uniform,READ,1377,2449091,811108,809990,9119,1,0,0,0,0,1101,45,49013,197418,266330,321201,1942414,187,1534923447,4132473,17738,242,1,0,0,0,0,2706,36954.91500369549,100000,23.67434,17,10199,49,97,100000
9,spread-run,10000,true,uniform,READ,1521,2754340,912254,911116,10119,1,0,0,0,0,1101,45,49013,197418,266330,321345,1942414,187,1536130174,4135476,17738,242,1,0,0,0,0,2587,38654.81252415926,100000,22.56304,17,9863,44,100,100000
10,spread-run,11000,true,uniform,READ,1666,3059591,1013400,1012242,11119,1,0,0,0,0,1101,45,49013,197418,266330,321490,1942414,187,1537340639,4138478,17738,242,1,0,0,0,0,2661,37579.85719654265,100000,23.28259,16,16023,48,103,100000
11,spread-run,12000,true,uniform,READ,1812,3364844,1114546,1113368,12119,1,0,0,0,0,1101,45,49013,197418,266330,321636,1942414,187,1538554823,4141481,17738,242,1,0,0,0,0,2643,37835.792659856226,100000,23.11874,17,10055,45,94,100000
12,spread-run,13000,true,uniform,READ,1955,3670091,1215692,1214494,13119,1,0,0,0,0,1101,45,49013,197418,266330,321779,1942414,187,1539757701,4144481,17738,242,1,0,0,0,0,2718,36791.75864606328,100000,23.7846,17,14391,49,98,100000
13,spread-run,14000,true,uniform,READ,2100,3975342,1316838,1315620,14119,1,0,0,0,0,1101,45,49013,197418,266330,321924,1942414,187,1540971916,4147485,17738,242,1,0,0,0,0,2692,37147.10252600297,100000,23.52137,17,9871,50,102,100000
14,spread-run,15000,true,uniform,READ,2247,4280597,1417984,1416746,15119,1,0,0,0,0,1101,45,49013,197418,266330,322071,1942414,187,1542189967,4150489,17738,242,1,0,0,0,0,2746,36416.60597232338,100000,23.73403,17,9959,49,93,100000
15,spread-run,16000,true,uniform,READ,2414,4585892,1519130,1517872,16119,1,0,0,0,0,1101,45,49013,197418,266330,322238,1942414,187,1543483536,4153513,17738,242,1,0,0,0,0,2696,37091.9881305638,100000,23.55247,17,10799,50,99,100000
16,spread-run,17000,true,uniform,READ,2572,4891169,1620276,1618998,17119,1,0,0,0,0,1101,45,49013,197418,266330,322396,1942414,187,1544743157,4156528,17738,242,1,0,0,0,0,2810,35587.18861209964,100000,24.70576,17,9951,50,95,100000
17,spread-run,18000,true,uniform,READ,2728,5196442,1721422,1720124,18119,1,0,0,0,0,1101,45,49013,197418,266330,322552,1942414,187,1545995169,4159542,17738,242,1,0,0,0,0,2760,36231.884057971016,100000,24.20483,17,10407,50,98,100000
18,spread-run,19000,true,uniform,READ,2889,5509739,1823829,1821638,19181,12,62,0,0,0,1101,45,49013,197418,266330,322713,1942414,187,1547462335,4165048,17738,242,1,0,0,0,0,2800,35714.28571428572,100000,24.62683,17,16023,50,105,100000
19,spread-run,20000,true,uniform,READ,3033,5814998,1924975,1922764,20181,12,62,0,0,0,1101,45,49013,197418,266330,322857,1942414,187,1548668980,4168049,17738,242,1,0,0,0,0,2732,36603.22108345534,100000,23.95292,17,10583,51,99,100000
20,spread-run,21000,true,uniform,READ,3177,6120246,2026121,2023890,21181,12,62,0,0,0,1101,45,49013,197418,266330,323001,1942414,187,1549876517,4171051,17738,242,1,0,0,0,0,2752,36337.20930232558,100000,24.11988,17,10695,51,104,100000
21,spread-run,22000,true,uniform,READ,3325,6425503,2127267,2125016,22181,12,62,0,0,0,1101,45,49013,197418,266330,323149,1942414,187,1551098372,4174057,17738,242,1,0,0,0,0,2771,36088.05485384338,100000,24.25748,17,12855,51,104,100000
22,spread-run,23000,true,uniform,READ,3472,6730758,2228413,2226142,23181,12,62,0,0,0,1101,45,49013,197418,266330,323296,1942414,187,1552316326,4177061,17738,242,1,0,0,0,0,2628,38051.75038051751,100000,22.98805,17,10439,45,91,100000
23,spread-run,24000,true,uniform,READ,3618,7036011,2329559,2327268,24181,12,62,0,0,0,1101,45,49013,197418,266330,323442,1942414,187,1553530522,4180064,17738,242,1,0,0,0,0,2798,35739.814152966406,100000,24.48105,17,10831,53,99,100000
24,spread-run,25000,true,uniform,READ,3762,7341260,2430705,2428394,25181,12,62,0,0,0,1101,45,49013,197418,266330,323586,1942414,187,1554737189,4183065,17738,242,1,0,0,0,0,3147,31776.294884016523,100000,27.89945,17,10519,55,117,100000
25,spread-run,26000,true,uniform,READ,3905,7646507,2531851,2529520,26181,12,62,0,0,0,1101,45,49013,197418,266330,323729,1942414,187,1555940121,4186066,17738,242,1,0,0,0,0,2876,34770.51460361613,100000,25.11829,17,10527,55,115,100000
26,spread-run,27000,true,uniform,READ,4049,7951756,2632997,2630646,27181,12,62,0,0,0,1101,45,49013,197418,266330,323873,1942414,187,1557146789,4189067,17738,242,1,0,0,0,0,2772,36075.03607503608,100000,24.318,17,10671,50,103,100000
27,spread-run,28000,true,uniform,READ,4193,8257005,2734143,2731772,28181,12,62,0,0,0,1101,45,49013,197418,266330,324017,1942414,187,1558357192,4192069,17738,242,1,0,0,0,0,2815,35523.97868561279,100000,24.67356,17,9327,50,104,100000
28,spread-run,29000,true,uniform,READ,4342,8562261,2835289,2832898,29181,12,62,0,0,0,1101,45,49013,197418,266330,324166,1942414,187,1559578961,4195074,17738,242,1,0,0,0,0,2754,36310.82062454611,100000,24.08336,17,24527,50,91,100000
29,spread-run,30000,true,uniform,READ,4494,8867526,2936435,2934024,30181,12,62,0,0,0,1101,45,49013,197418,266330,324318,1942414,187,1560815836,4198084,17738,242,1,0,0,0,0,2746,36416.60597232338,100000,23.90404,17,9535,47,104,100000
30,spread-run,31000,true,uniform,READ,4662,9172823,3037581,3035150,31181,12,62,0,0,0,1101,45,49013,197418,266330,324486,1942414,187,1562113034,4201109,17738,242,1,0,0,0,0,2800,35714.28571428572,100000,24.5837,17,10047,52,101,100000
31,spread-run,32000,true,uniform,READ,4824,9478108,3138727,3136276,32181,12,62,0,0,0,1101,45,49013,197418,266330,324648,1942414,187,1563387644,4204128,17738,242,1,0,0,0,0,2846,35137.034434293746,100000,24.94228,17,11143,50,97,100000
32,spread-run,33000,true,uniform,READ,4981,9783383,3239873,3237402,33181,12,62,0,0,0,1101,45,49013,197418,266330,324805,1942414,187,1564643388,4207142,17738,242,1,0,0,0,0,2760,36231.884057971016,100000,24.1461,17,10207,48,104,100000
33,spread-run,34000,true,uniform,READ,5143,10189680,3341034,3338543,34181,12,62,0,0,0,1101,45,49013,197418,266330,324968,1942414,187,1566168587,4212642,17738,242,1,0,0,0,0,2799,35727.045373347624,100000,24.56585,17,15191,47,89,100000
34,spread-run,35000,true,uniform,READ,5313,10605901,3443338,3439956,35243,23,124,0,0,0,1101,45,49013,197418,266330,325137,1942414,187,1567420594,4215655,17738,242,1,0,0,0,0,2823,35423.30853701736,100000,24.73415,17,9943,51,103,100000
35,spread-run,36000,true,uniform,READ,5466,11012172,3544484,3541082,36243,23,124,0,0,0,1101,45,49013,197418,266330,325290,1942414,187,1568661233,4218665,17738,242,1,0,0,0,0,2816,35511.36363636364,100000,24.70209,17,10191,51,94,100000
36,spread-run,37000,true,uniform,READ,5612,11418427,3645630,3642208,37243,23,124,0,0,0,1101,45,49013,197418,266330,325436,1942414,187,1569875395,4221668,17738,242,1,0,0,0,0,2721,36751.19441381845,100000,23.82529,17,10135,48,93,100000
37,spread-run,38000,true,uniform,READ,5760,11824686,3746776,3743334,38243,23,124,0,0,0,1101,45,49013,197418,266330,325584,1942414,187,1571097264,4224674,17738,242,1,0,0,0,0,2808,35612.53561253561,100000,24.59107,17,9919,51,105,100000
38,spread-run,39000,true,uniform,READ,5904,12230939,3847922,3844460,39243,23,124,0,0,0,1101,45,49013,197418,266330,325728,1942414,187,1572303902,4227675,17738,242,1,0,0,0,0,2800,35714.28571428572,100000,24.38445,18,10055,47,93,100000
39,spread-run,40000,true,uniform,READ,6049,12637192,3949068,3945586,40243,23,124,0,0,0,1101,45,49013,197418,266330,325873,1942414,187,1573514372,4230677,17738,242,1,0,0,0,0,2796,35765.3791130186,100000,24.52054,17,9303,49,96,100000
40,spread-run,41000,true,uniform,READ,6193,13043443,4050214,4046712,41243,23,124,0,0,0,1101,45,49013,197418,266330,326017,1942414,187,1574721004,4233678,17738,242,1,0,0,0,0,2859,34977.26477789437,100000,25.1752,17,20943,50,99,100000
41,spread-run,42000,true,uniform,READ,6339,13449697,4151360,4147838,42243,23,124,0,0,0,1101,45,49013,197418,266330,326163,1942414,187,1575939082,4236683,17738,242,1,0,0,0,0,2765,36166.365280289334,100000,24.19368,17,9831,48,99,100000
42,spread-run,43000,true,uniform,READ,6483,13855947,4252506,4248964,43243,23,124,0,0,0,1101,45,49013,197418,266330,326307,1942414,187,1577145746,4239685,17738,242,1,0,0,0,0,2735,36563.07129798903,100000,23.85753,17,9239,47,95,100000
43,spread-run,44000,true,uniform,READ,6627,14262198,4353652,4350090,44243,23,124,0,0,0,1101,45,49013,197418,266330,326451,1942414,187,1578352391,4242686,17738,242,1,0,0,0,0,2726,36683.78576669112,100000,23.82767,17,9831,50,91,100000
44,spread-run,45000,true,uniform,READ,6772,14668450,4454798,4451216,45243,23,124,0,0,0,1101,45,49013,197418,266330,326596,1942414,187,1579562788,4245688,17738,242,1,0,0,0,0,2833,35298.270384751144,100000,24.45737,17,13983,48,95,100000
45,spread-run,46000,true,uniform,READ,6915,15074700,4555944,4552342,46243,23,124,0,0,0,1101,45,49013,197418,266330,326739,1942414,187,1580765723,4248689,17738,242,1,0,0,0,0,2753,36324.010170722846,100000,24.16647,17,9695,47,99,100000
46,spread-run,47000,true,uniform,READ,7062,15480958,4657090,4653468,47243,23,124,0,0,0,1101,45,49013,197418,266330,326886,1942414,187,1581983739,4251693,17738,242,1,0,0,0,0,2752,36337.20930232558,100000,24.12947,17,10463,47,104,100000
47,spread-run,48000,true,uniform,READ,7206,15887208,4758236,4754594,48243,23,124,0,0,0,1101,45,49013,197418,266330,327030,1942414,187,1583190407,4254694,17738,242,1,0,0,0,0,2771,36088.05485384338,100000,24.19569,17,9751,49,101,100000
48,spread-run,49000,true,uniform,READ,7349,16293458,4859382,4855720,49243,23,124,0,0,0,1101,45,49013,197418,266330,327173,1942414,187,1584397084,4257695,17738,242,1,0,0,0,0,2804,35663.33808844508,100000,24.65199,17,10719,50,97,100000
49,spread-run,50000,true,uniform,READ,7493,16712097,4961787,4957234,50305,34,186,0,0,0,1101,45,49013,197418,266330,327317,1942414,187,1585857461,4263152,17738,242,1,0,0,0,0,2833,35298.270384751144,100000,24.79589,17,13535,50,103,100000
50,spread-run,51000,true,uniform,READ,7640,17118359,5062933,5058360,51305,34,186,0,0,0,1101,45,49013,197418,266330,327464,1942414,187,1587075411,4266156,17738,242,1,0,0,0,0,2781,35958.28838547285,100000,24.3025,17,10127,49,101,100000
51,spread-run,52000,true,uniform,READ,7785,17524617,5164079,5159486,52305,34,186,0,0,0,1101,45,49013,197418,266330,327609,1942414,187,1588285882,4269158,17738,242,1,0,0,0,0,2728,36656.89149560117,100000,23.82599,17,14279,49,94,100000
52,spread-run,53000,true,uniform,READ,7930,17930876,5265225,5260612,53305,34,186,0,0,0,1101,45,49013,197418,274522,327754,1942414,187,1589496304,4272160,17738,242,1,0,0,0,0,2752,36337.20930232558,100000,23.9904,18,9631,50,97,100000
53,spread-run,54000,true,uniform,READ,8076,18337136,5366371,5361738,54305,34,186,0,0,0,1101,45,49013,197418,274522,327900,1942414,187,1590710576,4275164,17738,242,1,0,0,0,0,2788,35868.00573888092,100000,24.41276,17,12879,49,104,100000
54,spread-run,55000,true,uniform,READ,8220,18743391,5467517,5462864,55305,34,186,0,0,0,1101,45,49013,197418,274522,328044,1942414,187,1591917260,4278165,17738,242,1,0,0,0,0,2861,34952.81370150297,100000,24.96112,18,10551,50,94,100000
55,spread-run,56000,true,uniform,READ,8362,19149642,5568663,5563990,56305,34,186,0,0,0,1101,45,49013,197418,274522,328186,1942414,187,1593120124,4281165,17738,242,1,0,0,0,0,2753,36324.010170722846,100000,24.14095,17,10991,48,96,100000
56,spread-run,57000,true,uniform,READ,8513,19555912,5669809,5665116,57305,34,186,0,0,0,1101,45,49013,197418,274522,328337,1942414,187,1594349468,4284172,17738,242,1,0,0,0,0,2849,35100.0351000351,100000,25.01155,18,12079,50,101,100000
57,spread-run,58000,true,uniform,READ,8660,19962173,5770955,5766242,58305,34,186,0,0,0,1101,45,49013,197418,274522,328484,1942414,187,1595567469,4287177,17738,242,1,0,0,0,0,2823,35423.30853701736,100000,24.79583,18,9335,49,99,100000
58,spread-run,59000,true,uniform,READ,8816,20368454,5872101,5867368,59305,34,186,0,0,0,1101,45,49013,197418,274522,328640,1942414,187,1596819491,4290190,17738,242,1,0,0,0,0,2884,34674.06380027739,100000,25.34765,18,10887,50,96,100000
59,spread-run,60000,true,uniform,READ,8983,20774756,5973247,5968494,60305,34,186,0,0,0,1101,45,49013,197418,274522,328807,1942414,187,1598113065,4293214,17738,242,1,0,0,0,0,2824,35410.76487252125,100000,24.61113,17,9863,51,105,100000
60,spread-run,61000,true,uniform,READ,9142,21181041,6074393,6069620,61305,34,186,0,0,0,1101,45,49013,197418,274522,328966,1942414,187,1599376331,4296230,17738,242,1,0,0,0,0,2764,36179.4500723589,100000,24.29185,18,10023,51,102,100000
61,spread-run,62000,true,uniform,READ,9297,21587319,6175539,6170746,62305,34,186,0,0,0,1101,45,49013,197418,274522,329121,1942414,187,1600624679,4299243,17738,242,1,0,0,0,0,2769,36114.120621162874,100000,24.30282,17,10655,46,98,100000
62,spread-run,63000,true,uniform,READ,9452,21993597,6276685,6271872,63305,34,186,0,0,0,1101,45,49013,197418,274522,329276,1942414,187,1601876620,4302256,17738,242,1,0,0,0,0,2881,34710.17007983339,100000,25.15008,18,9743,50,102,100000
63,spread-run,64000,true,uniform,READ,9618,22399896,6377831,6372998,64305,34,186,0,0,0,1101,45,49013,197418,274522,329442,1942414,187,1603166370,4305279,17738,242,1,0,0,0,0,2916,34293.55281207133,100000,25.82649,18,10079,52,110,100000
64,spread-run,65000,true,uniform,READ,9781,22820717,6480152,6474428,65367,45,248,0,0,0,1101,45,49013,197418,274522,329605,1942414,187,1604702634,4310822,17738,242,1,0,0,0,0,2846,35137.034434293746,100000,24.82313,18,9767,51,98,100000
65,spread-run,66000,true,uniform,READ,9945,23227016,6581298,6575554,66367,45,248,0,0,0,1101,45,49013,197418,274522,329769,1942414,187,1605984875,4313844,17738,242,1,0,0,0,0,2890,34602.07612456747,100000,25.34692,18,9623,50,101,100000
66,spread-run,67000,true,uniform,READ,10099,23633285,6682444,6676680,67367,45,248,0,0,0,1101,45,49013,197418,274522,329923,1942414,187,1607229276,4316855,17738,242,1,0,0,0,0,2818,35486.160397445,100000,24.78959,17,10487,52,107,100000
67,spread-run,68000,true,uniform,READ,10251,24039551,6783590,6777806,68367,45,248,0,0,0,1101,45,49013,197418,274522,330075,1942414,187,1608466158,4319864,17738,242,1,0,0,0,0,2847,35124.69265893923,100000,25.11761,18,10415,50,105,100000
68,spread-run,69000,true,uniform,READ,10409,24445831,6884736,6878932,69367,45,248,0,0,0,1101,45,49013,197418,274522,330233,1942414,187,1609725720,4322879,17738,242,1,0,0,0,0,2847,35124.69265893923,100000,25.11481,18,11767,47,93,100000
69,spread-run,70000,true,uniform,READ,10560,24852094,6985882,6980058,70367,45,248,0,0,0,1101,45,49013,197418,274522,330384,1942414,187,1610962628,4325889,17738,242,1,0,0,0,0,2769,36114.120621162874,100000,24.30838,18,14367,47,87,100000
70,spread-run,71000,true,uniform,READ,10714,25258363,7087028,7081184,71367,45,248,0,0,0,1101,45,49013,197418,274522,330538,1942414,187,1612207095,4328900,17738,242,1,0,0,0,0,2823,35423.30853701736,100000,24.82645,18,10255,51,101,100000
71,spread-run,72000,true,uniform,READ,10868,25664634,7188174,7182310,72367,45,248,0,0,0,1101,45,49013,197418,274522,330692,1942414,187,1613451559,4331911,17738,242,1,0,0,0,0,2885,34662.04506065858,100000,25.26786,18,20223,50,99,100000
72,spread-run,73000,true,uniform,READ,11014,26070891,7289320,7283436,73367,45,248,0,0,0,1101,45,49013,197418,274522,330838,1942414,187,1614665786,4334914,17738,242,1,0,0,0,0,2844,35161.74402250352,100000,25.02161,18,9591,50,98,100000
73,spread-run,74000,true,uniform,READ,11165,26477155,7390466,7384562,74367,45,248,0,0,0,1101,45,49013,197418,274522,330989,1942414,187,1615898864,4337923,17738,242,1,0,0,0,0,2894,34554.25017277125,100000,25.46393,18,13415,50,106,100000
74,spread-run,75000,true,uniform,READ,11312,26883411,7491612,7485688,75367,45,248,0,0,0,1101,45,49013,197418,274522,331136,1942414,187,1617116846,4340927,17738,242,1,0,0,0,0,2856,35014.0056022409,100000,25.06527,18,10087,52,100,100000
75,spread-run,76000,true,uniform,READ,11457,27289662,7592758,7586814,76367,45,248,0,0,0,1101,45,49013,197418,274522,331281,1942414,187,1618327299,4343930,17738,242,1,0,0,0,0,2743,36456.43456069996,100000,24.08526,18,10263,50,95,100000
76,spread-run,77000,true,uniform,READ,11604,27695917,7693904,7687940,77367,45,248,0,0,0,1102,45,49293,197418,278236,331428,1942414,187,1621455581,4346936,18104,242,1,0,0,0,0,2853,35050.82369435682,100000,25.02419,18,21919,50,112,100000
77,spread-run,78000,true,uniform,READ,11749,28113945,7796206,7789351,78429,56,310,0,0,0,1102,45,49639,197418,278381,331573,1942414,187,1623618439,4350150,18264,242,1,0,0,0,0,2840,35211.2676056338,100000,25.0139,18,10023,52,101,100000
78,spread-run,79000,true,uniform,READ,11897,28520209,7897352,7890477,79429,56,310,0,0,0,1102,45,50008,197418,278529,331721,1942414,187,1624996870,4353156,18295,242,1,0,0,0,0,2847,35124.69265893923,100000,24.85523,18,10559,50,97,100000
79,spread-run,80000,true,uniform,READ,12044,28926472,7998498,7991603,80429,56,310,0,0,0,1102,45,50381,197418,278676,331868,1942414,187,1626239186,4356160,18300,242,1,0,0,0,0,2906,34411.562284927735,100000,25.65617,18,12127,51,103,100000
80,spread-run,81000,true,uniform,READ,12188,29332728,8099644,8092729,81429,56,310,0,0,0,1102,45,50685,197418,278820,332012,1942414,187,1627466017,4359162,18304,242,1,0,0,0,0,2777,36010.082823190496,100000,24.38116,18,9519,49,100,100000
81,spread-run,82000,true,uniform,READ,12331,29738983,8200790,8193855,82429,56,310,0,0,0,1102,45,50865,197418,278963,332155,1942414,187,1628678860,4362162,18306,242,1,0,0,0,0,2774,36049.02667627974,100000,24.27052,18,12935,48,96,100000
82,spread-run,83000,true,uniform,READ,12477,30145242,8301936,8294981,83429,56,310,0,0,0,1102,45,51044,197418,279109,332301,1942414,187,1629898073,4365165,18307,242,1,0,0,0,0,2821,35448.422545196736,100000,24.7342,18,12231,47,98,100000
83,spread-run,84000,true,uniform,READ,12622,30551500,8403082,8396107,84429,56,310,0,0,0,1102,45,51228,197418,279254,332446,1942414,187,1631112341,4368169,18307,242,1,0,0,0,0,2962,33760.9723160027,100000,26.17349,18,10263,52,105,100000
84,spread-run,85000,true,uniform,READ,12766,30957756,8504228,8497233,85429,56,310,0,0,0,1102,45,51413,197418,279398,332590,1942414,187,1632318985,4371170,18307,242,1,0,0,0,0,2917,34281.79636612959,100000,25.76822,18,12039,50,103,100000
85,spread-run,86000,true,uniform,READ,12911,31364011,8605374,8598359,86429,56,310,0,0,0,1102,45,51597,197418,279543,332735,1942414,187,1633525656,4374171,18307,242,1,0,0,0,0,2874,34794.71120389701,100000,25.2826,18,9831,51,105,100000
86,spread-run,87000,true,uniform,READ,13056,31770269,8706520,8699485,87429,56,310,0,0,0,1102,45,51781,197418,279688,332880,1942414,187,1634736091,4377173,18307,242,1,0,0,0,0,2852,35063.11360448808,100000,25.15018,18,10095,50,96,100000
87,spread-run,88000,true,uniform,READ,13200,32176525,8807666,8800611,88429,56,310,0,0,0,1102,45,51965,197418,279832,333024,1942414,187,1635942811,4380175,18307,242,1,0,0,0,0,2874,34794.71120389701,100000,25.24015,18,9671,48,107,100000
88,spread-run,89000,true,uniform,READ,13345,32582783,8908812,8901737,89429,56,310,0,0,0,1102,45,52150,197418,279977,333169,1942414,187,1637153252,4383177,18307,242,1,0,0,0,0,2941,34002.04012240734,100000,25.91244,18,19583,51,104,100000
89,spread-run,90000,true,uniform,READ,13502,33009895,9011206,9003240,90491,67,372,0,0,0,1102,45,52338,197418,280134,333326,1942414,187,1638715645,4390060,18310,242,1,0,0,0,0,2967,33704.078193461406,100000,26.16217,18,10551,53,115,100000
90,spread-run,91000,true,uniform,READ,13648,33416151,9112352,9104366,91491,67,372,0,0,0,1102,45,52519,197418,280280,333472,1942414,187,1639933598,4393064,18310,242,1,0,0,0,0,2828,35360.67892503536,100000,24.75571,18,9335,50,94,100000
91,spread-run,92000,true,uniform,READ,13792,33822402,9213498,9205492,92491,67,372,0,0,0,1102,45,52698,197418,280424,333616,1942414,187,1641140332,4396066,18310,242,1,0,0,0,0,2844,35161.74402250352,100000,24.98024,17,11847,53,102,100000
92,spread-run,93000,true,uniform,READ,13936,34228652,9314644,9306618,93491,67,372,0,0,0,1102,45,52883,197418,280568,333760,1942414,187,1642346974,4399067,18310,242,1,0,0,0,0,2889,34614.05330564209,100000,25.39912,18,15799,52,105,100000
93,spread-run,94000,true,uniform,READ,14080,34634903,9415790,9407744,94491,67,372,0,0,0,1102,45,53062,197418,280712,333904,1942414,187,1643553652,4402068,18310,242,1,0,0,0,0,2831,35323.20734722713,100000,24.82306,18,9735,49,99,100000
94,spread-run,95000,true,uniform,READ,14224,35041153,9516936,9508870,95491,67,372,0,0,0,1102,45,53247,197418,280856,334048,1942414,187,1644760335,4405069,18310,242,1,0,0,0,0,2909,34376.07425232039,100000,25.6465,18,9471,52,105,100000
95,spread-run,96000,true,uniform,READ,14369,35447406,9618082,9609996,96491,67,372,0,0,0,1102,45,53431,197418,281001,334193,1942414,187,1645970782,4408072,18310,242,1,0,0,0,0,2830,35335.68904593639,100000,24.6981,18,14383,49,99,100000
96,spread-run,97000,true,uniform,READ,14512,35853655,9719228,9711122,97491,67,372,0,0,0,1102,45,53610,197418,281144,334336,1942414,187,1647173665,4411072,18310,242,1,0,0,0,0,2792,35816.61891117479,100000,24.62591,18,10383,49,98,100000
97,spread-run,98000,true,uniform,READ,14654,36259902,9820374,9812248,98491,67,372,0,0,0,1102,45,53790,197418,281286,334478,1942414,187,1648376550,4414072,18310,242,1,0,0,0,0,2836,35260.93088857546,100000,24.92621,18,9639,49,105,100000
98,spread-run,99000,true,uniform,READ,14798,36666154,9921520,9913374,99491,67,372,0,0,0,1102,45,53974,197418,281430,334622,1942414,187,1649583214,4417073,18310,242,1,0,0,0,0,2887,34638.03255975061,100000,25.43738,18,13903,49,103,100000
99,spread-run,100000,true,uniform,READ,14945,37072411,10022666,10014500,100491,67,372,0,0,0,1102,45,54158,197418,281577,334769,1942414,187,1650801248,4420078,18310,242,1,0,0,0,0,2909,34376.07425232039,100000,25.74219,18,10535,51,100,100000
100,spread-run,101000,true,uniform,READ,15089,37478661,10123812,10115626,101491,67,372,0,0,0,1102,45,54338,197418,281721,334913,1942414,187,1652007923,4423079,18310,242,1,0,0,0,0,2796,35765.3791130186,100000,24.51155,18,9807,51,103,100000
